trial,accuracy,kappa,bands,status;;;;;;;;;;;;;;
1,55.67,0.278,GLCM_SR_B6_contrast_3;EVI;GLCM_SR_B6_contrast_7;MNDWI;NDWI;GLCM_SR_B5_var_3;Clay_Ratio;TNR;WDI;TCI;TCG;NDBI;Granulo_7;Clay_Index;GLCM_SR_B7_contrast_3,OK
2,58.00,0.296,Fe_Composite_Index;GLCM_SR_B6_contrast_3;Open_3;GLCM_SR_B6_idm_3;NDVI;SAVI;GLCM_SR_B6_idm_7;GLCM_SR_B6_var_3;TCG;Close_3;GLCM_SR_B7_contrast_3;Clay_Index;TNR;Granulo_7;NDBI,OK
3,56.33,0.284,TCI;GLCM_SR_B6_contrast_3;GLCM_SR_B6_idm_3;GLCM_SR_B6_var_3;GLCM_SR_B6_ent_7;NDWI;SAVI;Clay_Ratio;NDVI;Fe_Composite_Index;NDBI;GLCM_SR_B5_contrast_3;GLCM_SR_B6_idm_7;MNDWI;Open_3,OK
4,56.33,0.284,TCB;Fe_Composite_Index;EVI;GLCM_SR_B5_contrast_7;Open_3;TCG;GLCM_SR_B6_var_3;GLCM_SR_B6_idm_3;Clay_Index;NDBI;GLCM_SR_B6_ent_3;GLCM_SR_B6_contrast_7;GLCM_SR_B5_contrast_3;NDVI;MNDWI,OK
5,58.00,0.296,GLCM_SR_B6_ent_3;GLCM_SR_B6_contrast_7;Clay_Index;Fe_Composite_Index;GLCM_SR_B6_contrast_3;GLCM_SR_B6_idm_7;NDBI;Granulo_7;WDI;TNR;EVI;NDWI;SAVI;NBLI;BSI,OK
6,55.67,0.279,TCW;GLCM_SR_B6_contrast_3;GLCM_SR_B5_contrast_7;NBLI;WDI;TNR;NDWI;Clay_Ratio;GLCM_SR_B6_idm_3;Fe_Composite_Index;SAVI;GLCM_SR_B7_contrast_3;TNDI;TCI;BSI,OK
7,56.33,0.284,TNR;GLCM_SR_B6_idm_7;GLCM_SR_B6_idm_3;Open_3;Granulo_7;NDWI;TCB;GLCM_SR_B5_contrast_7;WDI;GLCM_SR_B6_ent_7;GLCM_SR_B5_contrast_3;GLCM_SR_B5_var_3;NDVI;Clay_Index;EVI,OK
8,56.33,0.284,EVI;NBLI;NDWI;GLCM_SR_B6_contrast_3;Granulo_7;TNDI;GLCM_SR_B6_var_3;MNDWI;TCB;GLCM_SR_B5_var_3;NDVI;GLCM_SR_B6_ent_7;GLCM_SR_B6_contrast_7;Fe_Oxide_Index;GLCM_SR_B6_idm_7,OK
9,59.00,0.304,GLCM_SR_B6_ent_3;Open_3;GLCM_SR_B6_contrast_7;TNR;TCB;NDVI;Granulo_7;GLCM_SR_B5_contrast_7;GLCM_SR_B5_contrast_3;MNDWI;EVI;Fe_Composite_Index;GLCM_SR_B7_contrast_3;GLCM_SR_B5_var_3;GLCM_SR_B6_idm_7,OK
10,59.67,0.310,GLCM_SR_B6_var_3;GLCM_SR_B6_idm_7;GLCM_SR_B6_ent_3;Open_3;EVI;BSI;GLCM_SR_B6_contrast_7;NDBI;Granulo_7;TCG;Fe_Composite_Index;GLCM_SR_B7_contrast_3;TCB;SAVI;TNR,OK
11,56.00,0.281,TCG;GLCM_SR_B6_contrast_3;GLCM_SR_B7_contrast_3;SAVI;Fe_Composite_Index;GLCM_SR_B6_var_3;GLCM_SR_B6_idm_7;TNR;GLCM_SR_B6_contrast_7;NBLI;TCW;GLCM_SR_B6_idm_3;BSI;GLCM_SR_B5_var_3;NDWI,OK
12,55.33,0.268,GLCM_SR_B5_contrast_3;NBLI;TCW;GLCM_SR_B5_contrast_7;GLCM_SR_B6_contrast_7;NDMI;SAVI;TNDI;NDBI;MNDWI;BSI;Granulo_7;GLCM_SR_B6_contrast_3;Fe_Composite_Index;WDI,OK
13,56.00,0.281,Fe_Composite_Index;GLCM_SR_B6_idm_3;SAVI;Clay_Ratio;GLCM_SR_B5_var_3;MNDWI;WDI;BSI;TCG;Close_3;GLCM_SR_B7_contrast_3;Open_3;NDBI;GLCM_SR_B5_contrast_7;TNR,OK
14,58.67,0.301,TNDI;NDMI;NDVI;GLCM_SR_B6_idm_7;SAVI;Close_3;NBLI;TCW;GLCM_SR_B6_var_3;Clay_Index;EVI;Fe_Composite_Index;GLCM_SR_B6_contrast_7;GLCM_SR_B6_idm_3;TCB,OK
15,56.00,0.281,GLCM_SR_B6_idm_7;TCB;GLCM_SR_B6_contrast_7;SAVI;MNDWI;Fe_Oxide_Index;Clay_Ratio;BSI;GLCM_SR_B6_idm_3;GLCM_SR_B6_ent_3;TNDI;NDVI;Close_3;TCG;EVI,OK
16,56.33,0.284,NDMI;Fe_Oxide_Index;NDVI;MNDWI;GLCM_SR_B6_contrast_7;GLCM_SR_B6_ent_7;GLCM_SR_B5_contrast_7;SAVI;NDWI;TNR;TNDI;TCB;Clay_Index;Close_3;Open_3,OK
17,57.00,0.289,MNDWI;TCW;GLCM_SR_B6_var_3;NDVI;Close_3;GLCM_SR_B6_contrast_3;SAVI;Granulo_7;GLCM_SR_B5_contrast_3;NDBI;BSI;WDI;Clay_Index;Clay_Ratio;TCI,OK
18,55.00,0.274,TCI;TNDI;Fe_Oxide_Index;NDMI;Fe_Composite_Index;TCB;MNDWI;GLCM_SR_B6_contrast_3;NDWI;TCG;TCW;NDVI;GLCM_SR_B6_idm_7;GLCM_SR_B6_contrast_7;GLCM_SR_B6_ent_3,OK
19,62.00,0.325,NDMI;Granulo_7;TNDI;GLCM_SR_B6_ent_3;Clay_Ratio;BSI;EVI;TCW;TCG;Fe_Composite_Index;GLCM_SR_B6_idm_7;GLCM_SR_B5_contrast_7;GLCM_SR_B6_idm_3;NDBI;WDI,OK
20,56.33,0.284,GLCM_SR_B6_var_3;Granulo_7;GLCM_SR_B6_idm_3;NDBI;TCG;TCB;GLCM_SR_B5_contrast_3;TNR;Open_3;GLCM_SR_B5_contrast_7;GLCM_SR_B6_idm_7;NDMI;Fe_Oxide_Index;NDWI;Clay_Ratio,OK
21,56.33,0.284,TCB;TNR;MNDWI;Granulo_7;NDBI;GLCM_SR_B6_contrast_3;Close_3;GLCM_SR_B5_var_3;GLCM_SR_B7_contrast_3;NDWI;Clay_Ratio;GLCM_SR_B5_contrast_7;SAVI;WDI;GLCM_SR_B6_idm_3,OK
22,58.67,0.301,Fe_Oxide_Index;GLCM_SR_B5_var_3;TCW;GLCM_SR_B6_idm_3;GLCM_SR_B6_ent_3;Fe_Composite_Index;NDWI;GLCM_SR_B7_contrast_3;TNDI;WDI;NDMI;Open_3;EVI;Clay_Ratio;GLCM_SR_B5_contrast_7,OK
23,52.00,0.252,GLCM_SR_B6_ent_7;NDMI;Granulo_7;GLCM_SR_B7_contrast_3;TCG;Fe_Composite_Index;TCI;Fe_Oxide_Index;GLCM_SR_B6_var_3;GLCM_SR_B5_contrast_7;Open_3;GLCM_SR_B5_var_3;BSI;TNR;GLCM_SR_B6_contrast_3,OK
24,59.67,0.309,EVI;Open_3;NDBI;TCG;NDVI;GLCM_SR_B5_contrast_3;BSI;SAVI;GLCM_SR_B6_var_3;Fe_Oxide_Index;TCB;GLCM_SR_B6_ent_7;Fe_Composite_Index;GLCM_SR_B6_ent_3;TNDI,OK
25,57.00,0.298,Open_3;GLCM_SR_B7_contrast_3;Close_3;GLCM_SR_B6_idm_3;NBLI;GLCM_SR_B5_var_3;GLCM_SR_B5_contrast_7;GLCM_SR_B5_contrast_3;TNDI;WDI;GLCM_SR_B6_contrast_7;Fe_Oxide_Index;GLCM_SR_B6_idm_7;TCG;Granulo_7,OK
26,56.33,0.284,NDWI;Granulo_7;NDBI;NDVI;TCW;GLCM_SR_B6_ent_7;TCI;GLCM_SR_B5_var_3;NBLI;Clay_Index;TCB;GLCM_SR_B6_var_3;Clay_Ratio;TNR;WDI,OK
27,55.67,0.288,GLCM_SR_B6_var_3;GLCM_SR_B7_contrast_3;Close_3;GLCM_SR_B5_var_3;GLCM_SR_B6_idm_7;NDWI;TNDI;Fe_Oxide_Index;BSI;GLCM_SR_B6_contrast_3;TCI;Clay_Ratio;GLCM_SR_B6_ent_3;GLCM_SR_B6_contrast_7;Open_3,OK
28,57.00,0.289,GLCM_SR_B7_contrast_3;Fe_Oxide_Index;GLCM_SR_B6_contrast_7;TCG;GLCM_SR_B6_ent_7;TCB;TNDI;NDVI;BSI;Fe_Composite_Index;GLCM_SR_B6_contrast_3;GLCM_SR_B6_idm_7;TNR;Granulo_7;NDMI,OK
29,55.00,0.274,Clay_Index;Fe_Composite_Index;BSI;TCG;Open_3;GLCM_SR_B6_contrast_3;TCB;MNDWI;NDMI;GLCM_SR_B6_idm_7;TCW;GLCM_SR_B6_ent_7;GLCM_SR_B6_var_3;WDI;NDWI,OK
30,56.33,0.284,Fe_Composite_Index;GLCM_SR_B6_contrast_3;NDBI;NDVI;MNDWI;GLCM_SR_B6_idm_7;WDI;Fe_Oxide_Index;GLCM_SR_B5_var_3;TCB;GLCM_SR_B6_ent_7;Granulo_7;Clay_Ratio;NDMI;GLCM_SR_B6_contrast_7,OK
31,56.67,0.287,MNDWI;GLCM_SR_B6_idm_3;Fe_Composite_Index;Granulo_7;SAVI;GLCM_SR_B6_var_3;TCG;NDWI;EVI;Open_3;NDBI;Close_3;TNDI;BSI;NDMI,OK
32,56.67,0.286,TCI;Close_3;NDVI;Clay_Index;NDBI;Granulo_7;GLCM_SR_B6_contrast_3;Fe_Composite_Index;GLCM_SR_B5_contrast_3;GLCM_SR_B7_contrast_3;TCB;MNDWI;WDI;GLCM_SR_B6_idm_3;Fe_Oxide_Index,OK
33,57.00,0.289,NDVI;GLCM_SR_B6_ent_3;TCW;GLCM_SR_B6_contrast_3;NDBI;GLCM_SR_B5_contrast_3;NBLI;WDI;Close_3;GLCM_SR_B7_contrast_3;Granulo_7;Clay_Index;Clay_Ratio;MNDWI;GLCM_SR_B6_ent_7,OK
34,55.67,0.279,BSI;GLCM_SR_B6_ent_7;TNDI;TCW;TCG;Close_3;GLCM_SR_B6_idm_7;Clay_Ratio;EVI;WDI;NDBI;MNDWI;TNR;GLCM_SR_B5_contrast_7;GLCM_SR_B6_ent_3,OK
35,56.33,0.293,Fe_Composite_Index;Fe_Oxide_Index;Clay_Index;SAVI;GLCM_SR_B5_var_3;TCI;GLCM_SR_B6_ent_7;TCB;Granulo_7;NDWI;GLCM_SR_B6_contrast_7;BSI;TNDI;GLCM_SR_B5_contrast_3;MNDWI,OK
36,56.33,0.284,Close_3;GLCM_SR_B6_contrast_3;NDBI;Fe_Oxide_Index;GLCM_SR_B7_contrast_3;GLCM_SR_B5_var_3;GLCM_SR_B6_idm_3;NBLI;Clay_Ratio;GLCM_SR_B6_idm_7;NDVI;GLCM_SR_B5_contrast_7;GLCM_SR_B6_ent_7;NDMI;TCG,OK
37,60.33,0.314,Open_3;GLCM_SR_B5_contrast_7;GLCM_SR_B6_ent_3;TCB;Close_3;TNDI;GLCM_SR_B6_var_3;BSI;Granulo_7;NDWI;TNR;SAVI;GLCM_SR_B6_idm_7;EVI;GLCM_SR_B6_contrast_3,OK
38,56.33,0.284,NDWI;GLCM_SR_B6_contrast_7;Fe_Oxide_Index;MNDWI;EVI;Granulo_7;TNDI;GLCM_SR_B6_contrast_3;TCI;WDI;GLCM_SR_B6_ent_3;NDBI;GLCM_SR_B5_contrast_7;Open_3;NDVI,OK
39,55.67,0.279,MNDWI;GLCM_SR_B6_ent_7;TCW;TNR;GLCM_SR_B6_var_3;NDVI;NBLI;Clay_Index;GLCM_SR_B5_var_3;EVI;WDI;Fe_Composite_Index;NDWI;TCG;TNDI,OK
40,55.33,0.277,Clay_Index;TNR;SAVI;NDWI;TCW;Open_3;GLCM_SR_B6_contrast_3;NDVI;Fe_Oxide_Index;GLCM_SR_B6_idm_7;NBLI;GLCM_SR_B6_contrast_7;GLCM_SR_B7_contrast_3;Clay_Ratio;GLCM_SR_B5_var_3,OK
41,57.67,0.294,GLCM_SR_B6_contrast_3;GLCM_SR_B5_contrast_3;TNR;BSI;Clay_Index;TCB;GLCM_SR_B7_contrast_3;NDVI;GLCM_SR_B6_ent_7;SAVI;GLCM_SR_B6_idm_7;TCI;Close_3;TNDI;Granulo_7,OK
42,55.67,0.279,Clay_Index;TNR;Fe_Oxide_Index;TCG;Open_3;MNDWI;Clay_Ratio;GLCM_SR_B6_ent_7;GLCM_SR_B5_var_3;BSI;Close_3;TCB;Fe_Composite_Index;TCI;GLCM_SR_B7_contrast_3,OK
43,57.00,0.289,BSI;SAVI;NDMI;TCG;NDVI;GLCM_SR_B6_idm_7;TCI;EVI;WDI;GLCM_SR_B6_ent_3;GLCM_SR_B6_ent_7;GLCM_SR_B6_var_3;GLCM_SR_B5_var_3;TNDI;GLCM_SR_B6_contrast_3,OK
44,59.33,0.306,TNR;Clay_Index;GLCM_SR_B6_idm_7;Fe_Composite_Index;BSI;Clay_Ratio;TNDI;GLCM_SR_B6_contrast_7;EVI;GLCM_SR_B5_contrast_7;Fe_Oxide_Index;GLCM_SR_B6_contrast_3;TCI;GLCM_SR_B5_var_3;GLCM_SR_B5_contrast_3,OK
45,57.00,0.289,GLCM_SR_B6_idm_3;GLCM_SR_B5_contrast_3;TCW;NDVI;MNDWI;TCI;TNR;TNDI;SAVI;NDMI;NBLI;GLCM_SR_B6_ent_7;Open_3;NDBI;Clay_Index,OK
46,57.33,0.291,Fe_Composite_Index;NDMI;Fe_Oxide_Index;NDBI;EVI;GLCM_SR_B6_idm_7;Open_3;Clay_Ratio;NBLI;GLCM_SR_B7_contrast_3;GLCM_SR_B6_idm_3;WDI;GLCM_SR_B5_contrast_3;MNDWI;TCW,OK
47,59.00,0.301,MNDWI;TNR;GLCM_SR_B5_contrast_3;GLCM_SR_B7_contrast_3;EVI;GLCM_SR_B6_ent_7;TCW;Open_3;NDMI;NDBI;GLCM_SR_B5_var_3;GLCM_SR_B6_idm_3;TCI;SAVI;GLCM_SR_B5_contrast_7,OK
48,56.67,0.287,GLCM_SR_B5_var_3;Fe_Composite_Index;NDMI;NBLI;GLCM_SR_B5_contrast_3;TCG;GLCM_SR_B6_var_3;NDVI;SAVI;BSI;TCW;GLCM_SR_B7_contrast_3;Open_3;Fe_Oxide_Index;Close_3,OK
49,56.33,0.283,TNR;GLCM_SR_B5_contrast_3;EVI;Clay_Ratio;GLCM_SR_B6_var_3;SAVI;Granulo_7;TCI;GLCM_SR_B6_idm_7;MNDWI;GLCM_SR_B6_ent_3;BSI;NBLI;GLCM_SR_B6_ent_7;GLCM_SR_B7_contrast_3,OK
50,60.33,0.311,TCW;WDI;GLCM_SR_B7_contrast_3;GLCM_SR_B6_idm_3;GLCM_SR_B6_ent_3;GLCM_SR_B6_ent_7;EVI;NDBI;Close_3;GLCM_SR_B6_contrast_3;BSI;NDMI;Fe_Oxide_Index;Clay_Ratio;Granulo_7,OK
51,57.33,0.291,SAVI;TCI;GLCM_SR_B6_contrast_7;GLCM_SR_B5_contrast_3;NBLI;TCW;Clay_Ratio;GLCM_SR_B5_contrast_7;NDMI;TNR;GLCM_SR_B7_contrast_3;Clay_Index;GLCM_SR_B6_contrast_3;TCG;Fe_Oxide_Index,OK
52,55.00,0.277,Clay_Ratio;TCW;MNDWI;GLCM_SR_B7_contrast_3;NDMI;GLCM_SR_B6_contrast_3;GLCM_SR_B5_var_3;TCI;Clay_Index;GLCM_SR_B6_ent_3;Granulo_7;GLCM_SR_B6_idm_3;TCG;Close_3;GLCM_SR_B5_contrast_7,OK
53,56.00,0.281,TNR;TCB;GLCM_SR_B6_ent_3;GLCM_SR_B6_var_3;Clay_Ratio;WDI;NDWI;GLCM_SR_B6_idm_7;GLCM_SR_B6_contrast_3;GLCM_SR_B6_idm_3;TCW;GLCM_SR_B5_contrast_3;NDVI;GLCM_SR_B6_ent_7;TCI,OK
54,55.67,0.279,NDVI;NBLI;BSI;Open_3;TNDI;GLCM_SR_B6_ent_3;NDWI;GLCM_SR_B7_contrast_3;Close_3;NDMI;GLCM_SR_B5_var_3;GLCM_SR_B6_idm_3;WDI;GLCM_SR_B6_var_3;GLCM_SR_B5_contrast_3,OK
55,55.67,0.279,NDBI;NDWI;TNR;TCB;Fe_Composite_Index;GLCM_SR_B6_ent_3;GLCM_SR_B6_idm_7;TCG;Clay_Index;TCI;GLCM_SR_B5_contrast_3;Fe_Oxide_Index;GLCM_SR_B6_var_3;TNDI;GLCM_SR_B6_idm_3,OK
56,59.00,0.304,GLCM_SR_B5_contrast_3;Open_3;BSI;Fe_Oxide_Index;NDBI;NDWI;Close_3;EVI;GLCM_SR_B6_ent_3;TCB;Fe_Composite_Index;GLCM_SR_B6_contrast_7;Clay_Index;GLCM_SR_B6_var_3;NDMI,OK
57,55.33,0.279,GLCM_SR_B6_contrast_7;GLCM_SR_B6_idm_3;MNDWI;SAVI;EVI;BSI;TCB;NBLI;NDBI;Clay_Ratio;GLCM_SR_B6_var_3;GLCM_SR_B6_contrast_3;Fe_Composite_Index;GLCM_SR_B5_contrast_3;NDMI,OK
58,56.33,0.284,NDWI;NDVI;GLCM_SR_B6_idm_3;WDI;NDBI;Granulo_7;GLCM_SR_B5_var_3;GLCM_SR_B5_contrast_7;NDMI;EVI;Close_3;GLCM_SR_B5_contrast_3;GLCM_SR_B6_contrast_7;TNR;GLCM_SR_B6_idm_7,OK
59,56.33,0.284,TCB;BSI;GLCM_SR_B6_idm_3;TNDI;NDWI;Fe_Oxide_Index;SAVI;Granulo_7;Clay_Ratio;NDVI;NDBI;GLCM_SR_B6_ent_3;TNR;GLCM_SR_B6_contrast_7;MNDWI,OK
60,56.33,0.284,GLCM_SR_B6_contrast_7;MNDWI;GLCM_SR_B6_ent_3;TCW;GLCM_SR_B6_contrast_3;Fe_Oxide_Index;SAVI;NDWI;GLCM_SR_B5_contrast_3;Granulo_7;Fe_Composite_Index;TNR;GLCM_SR_B6_var_3;NDBI;GLCM_SR_B6_idm_7,OK
61,56.00,0.281,BSI;TCW;MNDWI;GLCM_SR_B7_contrast_3;Close_3;NBLI;EVI;TNDI;GLCM_SR_B5_contrast_7;Granulo_7;NDMI;NDVI;Open_3;Clay_Index;GLCM_SR_B6_contrast_7,OK
62,55.67,0.280,EVI;NDMI;GLCM_SR_B6_contrast_7;TNDI;MNDWI;GLCM_SR_B6_idm_3;GLCM_SR_B6_var_3;GLCM_SR_B7_contrast_3;SAVI;TCG;Close_3;NDBI;TCB;TNR;Clay_Index,OK
63,57.00,0.289,BSI;GLCM_SR_B6_idm_3;GLCM_SR_B6_contrast_7;SAVI;Fe_Oxide_Index;Clay_Index;NDMI;TCG;NDWI;GLCM_SR_B6_contrast_3;GLCM_SR_B6_ent_3;TNDI;TCW;TCB;GLCM_SR_B5_contrast_3,OK
64,55.67,0.279,TNR;NDMI;Fe_Composite_Index;GLCM_SR_B6_ent_7;GLCM_SR_B6_idm_7;NDWI;TCG;GLCM_SR_B5_var_3;NDVI;TCW;GLCM_SR_B6_ent_3;GLCM_SR_B6_idm_3;Close_3;GLCM_SR_B5_contrast_7;GLCM_SR_B6_var_3,OK
65,57.67,0.294,Open_3;GLCM_SR_B6_idm_3;GLCM_SR_B6_idm_7;GLCM_SR_B6_ent_7;Close_3;TCG;EVI;Granulo_7;GLCM_SR_B7_contrast_3;TCW;Clay_Index;NDMI;GLCM_SR_B6_var_3;NDVI;TCB,OK
66,56.00,0.294,Close_3;NBLI;TNR;TCI;GLCM_SR_B6_ent_7;Granulo_7;SAVI;GLCM_SR_B6_idm_3;GLCM_SR_B6_contrast_3;GLCM_SR_B6_contrast_7;WDI;BSI;MNDWI;Open_3;NDWI,OK
67,59.67,0.309,Close_3;SAVI;GLCM_SR_B5_contrast_3;TCG;GLCM_SR_B6_ent_3;TNDI;Fe_Composite_Index;GLCM_SR_B7_contrast_3;GLCM_SR_B6_idm_3;GLCM_SR_B6_idm_7;NDWI;EVI;TCI;TCB;Fe_Oxide_Index,OK
68,55.00,0.287,GLCM_SR_B6_contrast_7;GLCM_SR_B6_idm_3;MNDWI;SAVI;GLCM_SR_B5_contrast_3;TCI;NDMI;GLCM_SR_B6_contrast_3;TNR;GLCM_SR_B5_var_3;GLCM_SR_B7_contrast_3;NDBI;Close_3;TNDI;GLCM_SR_B6_ent_7,OK
69,57.00,0.289,GLCM_SR_B6_ent_7;NDVI;NDMI;GLCM_SR_B6_idm_7;GLCM_SR_B5_contrast_3;Clay_Index;GLCM_SR_B5_var_3;Close_3;TCG;NBLI;GLCM_SR_B6_contrast_7;WDI;Clay_Ratio;NDBI;SAVI,OK
70,57.00,0.289,TNR;Clay_Ratio;NDWI;NDVI;GLCM_SR_B5_contrast_7;TCG;EVI;WDI;Open_3;GLCM_SR_B7_contrast_3;GLCM_SR_B6_contrast_7;Fe_Oxide_Index;NBLI;SAVI;Close_3,OK
71,58.00,0.296,GLCM_SR_B6_contrast_7;TNR;NBLI;SAVI;GLCM_SR_B6_ent_7;Granulo_7;GLCM_SR_B5_contrast_3;GLCM_SR_B6_contrast_3;WDI;TNDI;GLCM_SR_B6_ent_3;TCG;EVI;Open_3;GLCM_SR_B7_contrast_3,OK
72,56.33,0.284,TCW;GLCM_SR_B5_contrast_3;GLCM_SR_B6_ent_7;TCB;NDWI;Fe_Composite_Index;NDMI;GLCM_SR_B6_idm_7;TNR;Fe_Oxide_Index;TCG;EVI;GLCM_SR_B5_contrast_7;NBLI;BSI,OK
73,58.00,0.296,Granulo_7;MNDWI;BSI;Clay_Ratio;GLCM_SR_B5_contrast_3;NDBI;SAVI;NDVI;GLCM_SR_B6_idm_3;TNR;Fe_Composite_Index;NDMI;GLCM_SR_B6_ent_7;GLCM_SR_B7_contrast_3;WDI,OK
74,56.00,0.281,TCW;TCI;Open_3;GLCM_SR_B6_idm_7;NDVI;GLCM_SR_B5_contrast_3;TCG;GLCM_SR_B6_contrast_3;NDBI;Clay_Index;NDMI;Fe_Oxide_Index;GLCM_SR_B6_var_3;NDWI;GLCM_SR_B7_contrast_3,OK
75,55.33,0.277,TCI;TCB;NDWI;GLCM_SR_B6_ent_7;GLCM_SR_B6_ent_3;Clay_Ratio;WDI;GLCM_SR_B6_contrast_3;Clay_Index;NDMI;TCW;MNDWI;TNDI;BSI;GLCM_SR_B5_contrast_3,OK
76,58.33,0.300,EVI;GLCM_SR_B5_var_3;BSI;GLCM_SR_B6_idm_3;NDBI;GLCM_SR_B6_ent_3;NBLI;GLCM_SR_B7_contrast_3;Open_3;Close_3;TCI;GLCM_SR_B6_contrast_7;NDMI;SAVI;GLCM_SR_B6_contrast_3,OK
77,58.67,0.301,Open_3;GLCM_SR_B6_ent_3;Fe_Composite_Index;GLCM_SR_B6_contrast_3;EVI;BSI;GLCM_SR_B6_idm_3;TCB;NBLI;Clay_Index;GLCM_SR_B5_contrast_7;Fe_Oxide_Index;TCG;GLCM_SR_B7_contrast_3;GLCM_SR_B6_idm_7,OK
78,59.67,0.305,GLCM_SR_B5_contrast_3;SAVI;EVI;GLCM_SR_B6_ent_3;GLCM_SR_B6_contrast_3;GLCM_SR_B5_contrast_7;TCW;TCG;GLCM_SR_B7_contrast_3;NDBI;Granulo_7;GLCM_SR_B5_var_3;GLCM_SR_B6_idm_3;NDMI;GLCM_SR_B6_contrast_7,OK
79,56.33,0.284,NDVI;Fe_Oxide_Index;TNR;EVI;GLCM_SR_B5_contrast_3;WDI;GLCM_SR_B6_ent_3;GLCM_SR_B7_contrast_3;NBLI;NDWI;Open_3;TCW;Clay_Ratio;TCI;NDMI,OK
80,58.00,0.296,GLCM_SR_B5_contrast_7;BSI;NDMI;GLCM_SR_B6_contrast_3;Fe_Composite_Index;MNDWI;NDBI;GLCM_SR_B6_idm_3;TNR;Open_3;TNDI;Clay_Index;TCW;GLCM_SR_B6_contrast_7;Clay_Ratio,OK
81,59.00,0.304,Fe_Composite_Index;TCG;SAVI;GLCM_SR_B6_ent_7;WDI;TCW;GLCM_SR_B6_var_3;EVI;TNDI;NDBI;NDVI;Clay_Index;Fe_Oxide_Index;TCI;GLCM_SR_B6_contrast_7,OK
82,58.33,0.299,GLCM_SR_B6_ent_7;Close_3;Clay_Ratio;Granulo_7;GLCM_SR_B6_contrast_3;Fe_Oxide_Index;GLCM_SR_B5_contrast_7;TCI;TCB;TNDI;Clay_Index;GLCM_SR_B5_contrast_3;NDVI;GLCM_SR_B5_var_3;EVI,OK
83,56.33,0.284,NDWI;GLCM_SR_B5_contrast_7;Clay_Ratio;GLCM_SR_B6_idm_7;GLCM_SR_B6_idm_3;GLCM_SR_B7_contrast_3;Fe_Oxide_Index;TNR;GLCM_SR_B6_contrast_3;GLCM_SR_B6_var_3;NDMI;GLCM_SR_B5_contrast_3;Open_3;Clay_Index;Close_3,OK
84,60.00,0.312,Close_3;NDBI;TCG;Open_3;WDI;Fe_Composite_Index;TNR;Granulo_7;BSI;Clay_Index;GLCM_SR_B6_idm_7;EVI;GLCM_SR_B5_var_3;GLCM_SR_B6_ent_3;TCW,OK
85,56.00,0.287,TNR;NDWI;GLCM_SR_B6_idm_3;GLCM_SR_B5_contrast_7;WDI;EVI;Close_3;GLCM_SR_B7_contrast_3;BSI;GLCM_SR_B6_idm_7;NBLI;GLCM_SR_B6_ent_7;Clay_Index;TCI;NDVI,OK
86,56.67,0.286,TNR;GLCM_SR_B6_var_3;Fe_Oxide_Index;GLCM_SR_B6_ent_7;GLCM_SR_B6_ent_3;NBLI;TCG;NDMI;TNDI;NDBI;Open_3;Clay_Ratio;Fe_Composite_Index;WDI;Granulo_7,OK
87,60.33,0.314,TCI;GLCM_SR_B6_ent_3;BSI;SAVI;GLCM_SR_B7_contrast_3;Fe_Oxide_Index;TNR;EVI;GLCM_SR_B5_contrast_7;GLCM_SR_B6_idm_7;TNDI;Close_3;Open_3;GLCM_SR_B6_contrast_3;NBLI,OK
88,58.67,0.301,TCI;NDBI;GLCM_SR_B6_idm_3;Open_3;TNDI;Fe_Oxide_Index;GLCM_SR_B7_contrast_3;GLCM_SR_B6_idm_7;NDVI;Close_3;Clay_Index;Clay_Ratio;TCB;GLCM_SR_B5_contrast_7;Fe_Composite_Index,OK
89,55.67,0.280,Open_3;NDWI;Granulo_7;TCI;Fe_Oxide_Index;GLCM_SR_B6_idm_3;Fe_Composite_Index;Close_3;MNDWI;SAVI;GLCM_SR_B6_contrast_3;GLCM_SR_B6_contrast_7;NDBI;BSI;TCB,OK
90,55.00,0.275,GLCM_SR_B6_contrast_3;NDVI;Fe_Composite_Index;TNDI;GLCM_SR_B5_contrast_3;TCW;TCB;NBLI;MNDWI;NDWI;GLCM_SR_B7_contrast_3;SAVI;WDI;EVI;BSI,OK
91,56.00,0.281,GLCM_SR_B6_contrast_7;Fe_Oxide_Index;GLCM_SR_B7_contrast_3;GLCM_SR_B6_contrast_3;Clay_Ratio;NDWI;SAVI;MNDWI;TCB;TCI;Close_3;GLCM_SR_B6_idm_3;WDI;TCG;NDMI,OK
92,58.67,0.301,GLCM_SR_B6_idm_7;GLCM_SR_B6_var_3;TCG;GLCM_SR_B6_ent_3;TCW;Open_3;BSI;WDI;GLCM_SR_B7_contrast_3;Fe_Oxide_Index;GLCM_SR_B6_contrast_7;TNDI;SAVI;NDVI;Granulo_7,OK
93,60.00,0.312,GLCM_SR_B6_idm_3;NDVI;TCB;Clay_Ratio;TCW;Granulo_7;GLCM_SR_B5_contrast_7;NDWI;Close_3;GLCM_SR_B6_var_3;Open_3;GLCM_SR_B6_contrast_7;GLCM_SR_B5_var_3;GLCM_SR_B5_contrast_3;Fe_Composite_Index,OK
94,55.33,0.277,MNDWI;TCB;GLCM_SR_B6_contrast_7;Open_3;GLCM_SR_B6_idm_3;GLCM_SR_B6_var_3;GLCM_SR_B5_var_3;NDWI;TCW;NDVI;GLCM_SR_B6_contrast_3;GLCM_SR_B6_ent_3;TCG;Fe_Oxide_Index;BSI,OK
95,63.33,0.336,GLCM_SR_B6_ent_7;GLCM_SR_B6_idm_3;EVI;WDI;TNDI;GLCM_SR_B6_contrast_3;GLCM_SR_B6_contrast_7;Clay_Index;TCI;GLCM_SR_B5_contrast_3;TCB;NDMI;GLCM_SR_B6_idm_7;Fe_Composite_Index;Granulo_7,OK
96,56.00,0.281,TCI;Open_3;GLCM_SR_B6_ent_3;NDMI;TCW;GLCM_SR_B6_idm_3;GLCM_SR_B6_var_3;GLCM_SR_B5_var_3;WDI;BSI;MNDWI;GLCM_SR_B7_contrast_3;TNR;GLCM_SR_B5_contrast_3;SAVI,OK
97,55.67,0.279,NBLI;MNDWI;NDVI;NDMI;TCG;TCI;NDBI;TCW;GLCM_SR_B6_ent_3;Fe_Oxide_Index;GLCM_SR_B6_idm_3;Granulo_7;GLCM_SR_B6_idm_7;GLCM_SR_B6_ent_7;Open_3,OK
98,57.00,0.289,NDWI;MNDWI;NDMI;GLCM_SR_B5_contrast_3;BSI;TCW;NBLI;TCB;Clay_Index;TNDI;WDI;Fe_Composite_Index;TCI;EVI;GLCM_SR_B7_contrast_3,OK
99,56.33,0.275,TCW;Clay_Index;EVI;NDMI;NDWI;NDBI;GLCM_SR_B5_var_3;GLCM_SR_B6_contrast_7;GLCM_SR_B5_contrast_7;TCB;BSI;Fe_Composite_Index;Open_3;Fe_Oxide_Index;WDI,OK
100,58.00,0.296,TCG;WDI;GLCM_SR_B5_contrast_3;SAVI;EVI;GLCM_SR_B5_var_3;Open_3;Fe_Oxide_Index;GLCM_SR_B6_ent_7;GLCM_SR_B6_var_3;Clay_Index;TCW;Clay_Ratio;GLCM_SR_B6_contrast_3;NBLI,OK
